序号,所属分类,知识点标题,原始链接,采集时间
1,核心内容,“十个明确”,https://www.12371.cn/2023/11/28/STUD1701138144512885.shtml,2026-03-26 21:53:43
2,核心内容,“十四个坚持”,https://www.12371.cn/2023/11/28/STUD1701138144512885.shtml,2026-03-26 21:53:43
3,核心内容,“十三个方面成就”,https://www.12371.cn/2023/11/28/STUD1701138144512885.shtml,2026-03-26 21:53:43
4,核心内容,“两个确立”,https://www.12371.cn/2023/11/28/STUD1701138144683913.shtml,2026-03-26 21:53:43
5,核心内容,“六个必须坚持”,https://www.12371.cn/2023/11/28/STUD1701138144532887.shtml,2026-03-26 21:53:43
6,领域思想,习近平经济思想,https://www.12371.cn/special/xxzd/hxnr/jj/,2026-03-26 21:53:43
7,领域思想,习近平法治思想,https://www.12371.cn/special/xxzd/hxnr/fz/,2026-03-26 21:53:43
8,领域思想,习近平文化思想,https://www.12371.cn/special/xxzd/hxnr/wh/,2026-03-26 21:53:43
9,领域思想,习近平生态文明思想,https://www.12371.cn/special/xxzd/hxnr/st/,2026-03-26 21:53:43
10,领域思想,习近平强军思想,https://www.12371.cn/special/xxzd/hxnr/qj/,2026-03-26 21:53:43
11,领域思想,习近平外交思想,https://www.12371.cn/special/xxzd/hxnr/wj/,2026-03-26 21:53:43
12,重要思想论断,党的建设的重要思想,https://www.12371.cn/special/xxzd/hxnr/dj/,2026-03-26 21:53:43
13,重要思想论断,党的自我革命的重要思想,https://www.12371.cn/special/xxzd/hxnr/zwgm/,2026-03-26 21:53:43
14,重要思想论断,坚持和完善人民代表大会制度的重要思想,https://www.12371.cn/special/xxzd/hxnr/rmdbdh/,2026-03-26 21:53:43
15,重要思想论断,加强和改进人民政协工作的重要思想,https://www.12371.cn/special/xxzd/hxnr/zmzx/,2026-03-26 21:53:43
16,重要思想论断,做好新时代党的统一战线工作的重要思想,https://www.12371.cn/special/xxzd/hxnr/tz/,2026-03-26 21:53:43
17,重要思想论断,加强和改进民族工作的重要思想,https://www.12371.cn/special/xxzd/hxnr/mz/,2026-03-26 21:53:43
18,重要思想论断,网络强国的重要思想,https://www.12371.cn/special/xxzd/hxnr/wlqg/,2026-03-26 21:53:43
19,重要思想论断,加强和改进人民信访工作的重要思想,https://www.12371.cn/special/xxzd/hxnr/xf/,2026-03-26 21:53:43
